﻿Description,Amount
Purchased groceries online,50
Luxury watch purchase,1200
Booked flight tickets,500
International wire transfer,10000
Bought coffee at Starbucks,15
Purchased electronics online,500
Paid for gas at Shell station,30
Transferred money to unknown account,30000
Monthly Netflix subscription,20
Jewelry purchase at XYZ Store,450
Dinner at Olive Garden,75
Bought sports equipment,200
Sent money to international recipient,7000
Paid phone bill via online banking,25
Luxury handbag purchase,5000
Bought snacks at vending machine,12
Grocery shopping at Walmart,80
Bought cryptocurrency on exchange,2500
Weekend hotel stay at Holiday Inn,120
Transferred funds to suspicious account,10000
Ordered food delivery from Uber Eats,35
High-value clothing purchase,2000
Paid for parking downtown,10
Airline ticket for domestic travel,500
Large cash withdrawal from ATM,6500
Subscription renewal for Spotify,100
Gold coins purchased online,1500
Donated to local charity,20
Bought high-end gaming PC,4000
Paid for car wash,50
Transferred money to a bank account,50
Purchased groceries online,1200
Luxury watch purchase,500
Booked flight tickets,10000
International wire transfer,20
Fast food purchase,2500
Jewelry purchase,100
Monthly gym membership,7000
Electronics store purchase,35
Pharmacy purchase,1500
Designer handbag purchase,15
Online music subscription,6000
Purchase at luxury boutique,80
Utility bill payment,2000
Transfer to unknown account,120
Restaurant dining,4000
Luxury car down payment,25
Coffee shop transaction,3000
Purchase from international retailer,60
Online grocery delivery,8500
High-end electronics purchase,12
Streaming service payment,9000
Unverified online transaction,45
Bookstore purchase,7500
Luxury furniture purchase,90
Local hardware store,5000
International jewelry purchase,30
Gas station payment,20000
Large wire transfer,65
Clothing store purchase,1000
Luxury spa payment,500
Grocery shopping at Walmart,45
Bought a high-end smartphone,1200
Movie tickets for family,60
Transferred money to foreign account,8000
Breakfast at local diner,25
Purchased gold jewelry,3000
Paid for Uber ride,15
Unverified purchase at luxury store,6500
Monthly Spotify subscription,10
Bought gaming console online,500
Lunch at McDonald's,12
Bought fitness equipment,350
Money transfer flagged as suspicious,7000
Paid electricity bill,80
High-value handbag purchase,4000
Gas station refill,50
Grocery delivery through Instacart,40
Bought designer sunglasses,150
Purchased movie streaming subscription,15
Large wire transfer to unknown entity,12000
Dinner at a local steakhouse,85
Purchased high-end camera,3500
Filled gas tank at BP station,45
Unauthorized luxury watch purchase,8000
Monthly Audible subscription,14
Bought a laptop from online retailer,1200
Coffee purchase at Dunkin' Donuts,10
Bought a treadmill for home gym,2200
Paid water bill,30
Transferred money to suspicious account,6000
Lunch at Chipotle,20
Purchased a gold necklace,4500
Grocery shopping at Target,55
High-end furniture purchase,7500
Purchased pet food at PetSmart,35
Unverified purchase at luxury boutique,9000
Paid internet bill,60
Bought a smartwatch,700
Dinner at a sushi restaurant,95
Purchased headphones online,300
Bought flowers for a birthday,25
Transferred funds to international bank,5000
Paid parking fee,5
Unauthorized art gallery purchase,15000
Bought books at Barnes & Noble,50
Purchased a designer coat,1800
Coffee and pastry at Starbucks,8
Luxury car deposit,25000
Fast food meal at Burger King,12
Sent money to unverified recipient,10000
Online grocery delivery,65
Bought home theater system,5000
Paid gym membership fee,40
Bought a diamond ring,30000
Breakfast at IHOP,18
High-end electronics purchase,8000
Paid phone bill online,30
Jewelry purchase flagged as fraud,40000
Monthly Hulu subscription,12
Bought a pair of sneakers,200
Dinner at a fine-dining restaurant,120
Sent unverified money transfer,15000
Bought groceries at Costco,70
Unauthorized purchase at luxury brand,5000
Bought a tablet from Amazon,300
Large transaction flagged as suspicious,10000
Grocery shopping at Trader Joe's,45
Purchased luxury smartwatch,6000
Ordered dinner from Uber Eats,30
International money transfer,8000
Bought coffee and snacks at Starbucks,15
High-end laptop purchase,7500
Paid gym membership for the year,300
Bought diamond earrings,10000
Subscribed to Disney+,10
Bought smartphone from online retailer,1200
Dinner at a local Italian restaurant,60
Bought furniture for living room,6500
Purchased gas at Chevron,40
Sent money to a family member abroad,7000
Paid water utility bill,25
Booked tickets for a theme park,100
Purchased high-end luxury bag,9000
Grocery shopping at Safeway,50
Paid for car servicing,200
Purchased premium home theater system,12000
Breakfast at Denny's,20
Bought clothing from H&M,75
Ordered a high-end drone online,8500
Paid for online course subscription,35
Sent money for international tuition,15000
Paid cable TV bill,50
Bought new washing machine,6000
Coffee purchase at Tim Hortons,8
Transferred savings to unverified account,20000
Bought holiday gifts at Walmart,150
Luxury resort booking,18000
Subscribed to Audible,15
Gas station refill at Shell,45
Purchased gold chain at a jewelry store,5000
Bought home workout equipment,7000
Paid internet bill,40
Purchased groceries from Amazon Fresh,60
Ordered new refrigerator,7000
Lunch at Subway,12
Unverified high-value transfer to unknown,25000
Bought plane tickets for a family trip,7000
Grocery shopping at Whole Foods,55
Purchased high-end headphones,6000
Bought a new TV,8000
Dinner at Outback Steakhouse,90
Bought a new coffee machine,200
Paid for landscaping service,150
Jewelry purchase flagged as suspicious,10000
Bought shoes at Foot Locker,100
Monthly Netflix subscription,20
Purchased high-end gaming PC,9000
Paid for Uber ride,25
Bought flowers for an anniversary,35
Ordered new dishwasher,6500
Paid for college application fees,120
Booked a luxury cruise vacation,15000
Breakfast at Panera Bread,18
Purchased a sofa set for the living room,6000
Bought groceries from a local market,30
Purchased gold bracelet,7000
Ordered takeout from Grubhub,25
Bought an iPad Pro,1200
Sent money to a charity organization,500
Bought designer shoes,6500
Monthly magazine subscription,12
Paid for a concert ticket,75
Unverified transaction at luxury retailer,10000
Bought pet food at Petco,50
Booked a luxury hotel for a vacation,8000
Paid for car insurance,500
Purchased luxury electric bike,9500
Gas refill at Mobil,30
Bought a new mattress,7000
Bought groceries using Instacart,65
High-end dining at a 5-star restaurant,12000
Paid for babysitting services,200
Bought new sneakers online,150
Purchased diamond-studded earrings,15000
Bought kitchen appliances,6000
Grocery shopping at Aldi,40
Bought luxury wristwatch,18000
Paid for tutoring services,300
Purchased new gaming console,400
Sent funds flagged as high-risk,20000
Ordered a new office chair,120
Bought high-value home automation system,8000
Bought a vacuum cleaner,250
High-value cryptocurrency purchase,5000
Paid for monthly health insurance,400
Bought books at a local bookstore,40
Purchased designer handbag,9000
Paid for a Netflix yearly subscription,100
Sent money for property investment abroad,12000
Breakfast at a local cafe,15
Bought high-end gaming laptop,7500
Grocery shopping at Costco,80
Purchased high-value shares online,15000
Bought dinner at a fast food chain,25
Purchased luxury smartphone,1200
Ordered monthly meal kits,50
Bought luxury home appliances,8000
Paid for electric vehicle charging,25
Sent funds to unknown beneficiary,10000
Purchased groceries at a farmer's market,45
Bought high-end DSLR camera,6000
Bought new headphones,200
Large transaction flagged as suspicious,25000
Paid for annual fitness club membership,300
Purchased gold coins,18000
Lunch at a sushi restaurant,60
Bought furniture for a new house,9500
Filled gas tank at a local station,35
Sent money for international tuition fees,7000
Subscribed to a premium news service,20
Bought an air conditioner online,5000
Ordered flowers for a wedding,150
Unverified large jewelry purchase,12000
Paid phone bill through mobile banking,30
Bought a new bed for the guest room,7000
Purchased holiday gifts for family,100
Luxury spa package booking,6000
Bought coffee from a drive-thru,8
Large donation flagged as fraud,20000
Bought groceries using delivery service,75
High-end electric bike purchase,7000
Paid for online streaming subscription,15
Bought smart home devices,8000
Dinner at a high-end restaurant,120
Purchased new tires for the car,400
High-value international bank transfer,15000
Bought a new coffee table,300
Purchased a treadmill for home gym,6500
Monthly subscription for online courses,25
Ordered gifts from Amazon,150
Bought a luxury vacation package,12000
Paid for water utility bill,40
Bought designer jewelry,9000
Bought a new sound system for the house,7000
Lunch at a fast food chain,10
Sent money to an unverified account,15000
Purchased workout equipment,6000
Bought groceries at Aldi,50
Bought a high-end TV for the living room,8000
Paid for annual parking spot rental,500
Purchased diamond-studded earrings,15000
Bought kitchenware from Ikea,400
Bought tickets for a football match,80
High-value international purchase flagged,20000
Bought furniture for the dining room,9000
Purchased groceries online,65
Bought a high-performance desktop PC,6000
Paid for Spotify subscription,12
Bought a vacation package for family,10000
Bought snacks at a vending machine,8
Transferred money to an unknown recipient,25000
Bought groceries at Walmart,55
Luxury hotel suite booking,8000
Bought new curtains for the house,300
Sent funds flagged as suspicious,15000
Bought plane tickets for a holiday,6000
Paid for a car repair,450
Ordered designer clothing online,7000
Purchased a new tablet,300
Sent large wire transfer,12000
Bought a coffee maker,200
Purchased smartwatches for the family,6500
Paid for pet grooming services,80
Bought art supplies for a project,150
Purchased high-value cryptocurrency,5000
Booked a luxury cruise trip,18000
Bought a set of dining chairs,450
Large payment flagged as potential fraud,10000
Bought a new video game,60
Purchased premium travel insurance,8000
Paid for annual health checkup,500
Bought high-end fitness equipment,7000
Grocery shopping at a local market,40
Bought groceries from Lidl,40
Purchased a luxury diamond ring,11000
Paid monthly electricity bill,60
International wire transfer for real estate,25000
Bought a coffee from Costa Coffee,12
Purchased high-end gaming console bundle,7500
Subscribed to premium learning platform,20
Sent funds to an overseas account,14000
Bought flowers for a birthday gift,30
Purchased a designer leather jacket,8500
Paid for annual car insurance,600
Bought a new high-definition projector,8000
Paid for Netflix monthly subscription,20
Sent large donation flagged as suspicious,20000
Grocery shopping at Kroger,75
Bought high-end kitchen appliances,7000
Purchased plane tickets for a business trip,12000
Dinner at a local pub,50
Purchased gold bracelet,6000
Monthly Spotify subscription,15
Booked tickets for a music concert,100
Bought a premium massage chair,9000
Paid for online cloud storage services,12
Purchased a high-end wristwatch,8000
Filled gas at a BP station,35
Sent money for foreign tuition fees,7000
Paid gym monthly membership,50
Bought a premium wine collection,6500
Ordered office supplies,200
Bought a luxury vacation package,10000
Purchased snacks at vending machine,10
Paid for swimming pool cleaning service,350
Transferred money to an unverified account,12000
Booked a high-end photography session,7500
Bought groceries using Walmart+,55
Purchased a new refrigerator,7000
Bought an electric scooter for commuting,300
Paid for a high-value cryptocurrency,15000
Grocery shopping at Aldi,60
Purchased smart kitchen gadgets,8000
Breakfast at a diner,15
Paid for a new car down payment,18000
Bought new curtains for the living room,400
Bought designer handbags,9000
Bought a new iPhone,1200
Grocery shopping at Target,45
Paid for language learning app,30
Bought a high-performance gaming laptop,8000
Paid for a spa treatment,350
Ordered a custom luxury bed,10000
Purchased a new dining table,7000
Sent money flagged for high-value fraud,25000
Paid for online coding bootcamp,300
Bought luxury sports shoes,6000
Purchased online groceries from Instacart,90
Bought designer earrings,7500
Paid for household utilities,120
Ordered high-value office furniture,9500
Bought new home speakers,400
Subscribed to a meal prep service,150
Purchased custom-made wedding dress,15000
Grocery shopping at Costco,80
Paid for yearly health insurance,900
Purchased gold bars as an investment,20000
Bought art supplies for school project,35
Paid for luxury yacht rental,22000
Ordered office furniture online,6000
Paid for house renovation work,11000
Bought an electric guitar,400
Subscribed to a fitness app,15
Bought a high-performance road bike,8500
Bought a new washing machine,800
High-value cryptocurrency transaction,25000
Bought pet supplies at Petco,50
Paid for legal consultancy services,400
Purchased luxury garden furniture,12000
Subscribed to a gardening magazine,12
Ordered a custom-made dining set,9000
Paid for annual car servicing,500
Bought designer sunglasses,6000
Dinner at a five-star restaurant,150
Purchased a high-value gaming setup,8000
Paid for tutoring services,200
Bought a new electric car battery,15000
Subscribed to a tech magazine,25
Paid for yearly internet service,300
Sent money flagged for suspicious activity,20000
Bought a new study desk,200
Ordered premium hiking gear,6000
Booked a family vacation abroad,12000
Purchased groceries at Walmart,50
Bought luxury designer shoes,8000
Paid for monthly electricity bill,90
Sent funds to an international account,12000
Breakfast at a local bakery,20
Purchased high-end gaming PC,9000
Paid for an online writing course,200
Transferred money flagged as fraudulent,25000
Ordered groceries through Instacart,75
Bought a luxury wristwatch,8500
Subscribed to a fitness streaming app,12
Purchased high-value jewelry,14000
Dinner at a local Italian restaurant,60
Bought smart home security devices,7000
Sent money for tuition fees abroad,10000
Paid for parking at a mall,10
Purchased a high-end blender,300
Bought custom-made furniture,15000
Subscribed to a premium movie platform,25
Paid for landscaping services,9000
Purchased a flight ticket for business,400
Bought a luxury smartphone,8000
Paid for monthly water bill,50
Purchased international vacation package,17000
Bought groceries from Trader Joe’s,65
Ordered custom-designed jewelry,11000
Paid for new gym equipment,450
Bought a luxury painting,7000
Bought snacks at a vending machine,10
Paid for premium wedding photography,12000
Subscribed to an audiobook service,15
Purchased a high-end mattress,7500
Paid for home repair services,6000
Ordered holiday gifts for family,300
Transferred money flagged as fraud,18000
Paid for pet grooming services,75
Purchased a designer outfit,9000
Bought a new gaming console,450
Ordered luxury car accessories,13000
Paid for annual school fees,8000
Grocery shopping at a local store,70
Purchased an antique vase,14000
Bought new curtains for the living room,250
Paid for an exclusive spa retreat,10000
Bought sports equipment online,500
Booked a high-value family cruise,12000
Sent a large international wire transfer,25000
Bought groceries at Aldi,45
Ordered a luxury home theater system,9000
Subscribed to a language-learning app,20
Paid for a full-year parking pass,500
Bought a luxury dining table,7000
Paid for an online coding bootcamp,250
Purchased a vacation rental abroad,15000
Grocery shopping at Target,80
Paid for a premium luxury watch,12000
Ordered a set of high-end luggage,7000
Bought coffee from Starbucks,10
Paid for monthly car insurance,200
Purchased a luxury yacht package,22000
Sent money flagged as suspicious,25000
Bought a new coffee machine,200
Purchased a high-value designer bag,9000
Paid for an annual health club membership,400
Bought a new air conditioner,7000
Grocery shopping at Costco,60
Ordered custom-made luxury cabinets,8000
Paid for electric vehicle charging,25
Bought a set of premium golf clubs,9500
Paid for house cleaning services,350
Purchased a high-value art sculpture,18000
Bought groceries from Kroger,75
Paid for an exclusive wine tasting event,6000
Subscribed to a premium business journal,150
Bought a new bed for the master bedroom,8000
Paid for a first-class flight ticket,12000
Grocery shopping at Lidl,55
Sent funds to an unverified recipient,14000
Purchased high-end office furniture,7000
Bought a ticket for a music festival,100
Purchased high-value collectible coins,15000
Paid for landscaping and garden services,7000
Purchased groceries for the week,50
Paid for yearly water utility fees,300
Bought a designer outfit for an event,9000
Purchased a treadmill for home use,1200
Sent money flagged for large transaction,20000
Ordered gym equipment for a home setup,8000
Paid for travel insurance,300
Purchased custom-made luxury furniture,10000
Paid for school books and supplies,400
Grocery shopping at Sam’s Club,80
Bought a luxury perfume set,7000
Paid for monthly internet bill,80
Bought luxury designer watch,9000
Purchased groceries from a local market,55
Transferred money to an international bank,15000
Bought coffee at a nearby café,10
Purchased luxury home theater system,12000
Paid for streaming subscription,15
Purchased an antique sculpture,7000
Grocery shopping at Walmart,45
Paid for an all-inclusive vacation,20000
Ordered snacks from an online store,20
Paid for custom luxury cabinets,11000
Subscribed to a premium news service,25
Bought a high-end racing bike,8500
Dinner at a local steakhouse,150
Bought premium office chairs,6000
Paid for online fitness coaching,100
Transferred money flagged as suspicious,18000
Bought kitchen appliances,7000
Paid for car maintenance,500
Purchased designer jewelry online,14000
Paid for a utility bill,200
Bought pet supplies at PetSmart,30
Booked a luxury yacht experience,17000
Bought electronics from Best Buy,400
Paid for a new swimming pool,25000
Grocery shopping at Trader Joe’s,75
Purchased high-end luggage set,8000
Paid for personal trainer services,400
Ordered custom-made furniture,7000
Bought snacks for a weekend party,50
Transferred funds for a business expense,13000
Subscribed to a digital art platform,25
Bought a new home air purifier,300
Purchased a luxury leather handbag,8000
Paid for an event ticket,75
Ordered a high-end gaming PC,9000
Grocery shopping at Kroger,60
Transferred funds flagged as fraudulent,20000
Paid for monthly gym membership,100
Bought a new smartphone,800
Purchased a custom luxury dining set,12000
Paid for premium meal service,300
Bought an antique mirror,14000
Grocery shopping at Aldi,90
Subscribed to an e-learning platform,15
Bought a luxury sofa set,7500
Paid for plumbing repair services,250
Transferred money overseas,15000
Bought books for school,200
Purchased a gold bracelet,6000
Grocery shopping at Target,80
Paid for business class flight tickets,12000
Bought a coffee machine,200
Subscribed to a tech news service,20
Paid for luxury spa treatment,9000
Bought art supplies for a project,35
Transferred funds flagged as suspicious,25000
Grocery shopping at Sam’s Club,100
Ordered luxury patio furniture,8000
Paid for car insurance,450
Purchased a high-value collectible,10000
Subscribed to a magazine,12
Bought a new mattress for the bedroom,7000
Grocery shopping at Lidl,50
Bought a luxury bed set,9000
Sent money flagged for review,18000
Paid for premium furniture cleaning,500
Bought groceries for a family party,85
Purchased gold coins,14000
Bought designer sneakers,7000
Subscribed to a recipe app,25
Paid for a new washing machine,600
Purchased a luxury dining table,12000
Paid for swimming pool maintenance,400
Transferred money overseas for a property,25000
Bought snacks from a vending machine,10
Paid for premium painting services,11000
Subscribed to a premium fitness app,50
Grocery shopping at Costco,65
Bought a premium electric scooter,7500
Paid for an expensive photography session,8000
Grocery shopping at a farmer’s market,40
Paid for car repairs,1000
Purchased a gold necklace,15000
Paid for water utility bill,90
Bought groceries from Whole Foods,75
Transferred money flagged as high-risk,20000
Purchased antique furniture,8000
Paid for a holiday resort package,18000
Bought a luxury designer wallet,7000
Subscribed to a movie streaming service,10
Paid for a new kitchen counter,6000
Bought a luxury car seat cover,5500
Purchased a high-end tablet,9000
Paid for a luxury home theater projector,10000
Bought a set of premium outdoor furniture,7500
Subscribed to an exclusive art gallery,25
Paid for a new washing machine,1800
Purchased a custom-built drone,12000
Bought a premium guitar,8000
Subscribed to a personalized coaching service,35
Paid for a luxury dining set,6500
Purchased a designer desk lamp,5000
Bought a set of premium luggage,7000
Paid for a luxurious spa day,8000
Subscribed to an online book service,20
Bought a limited edition wine set,6000
Paid for a personal fitness coach,12000
Purchased a designer wall mirror,7000
Subscribed to a premium subscription box,45
Bought a luxury silk bedspread,6500
Paid for a high-end camping gear,6000
Bought a set of premium headphones,8000
Subscribed to a luxury pet food service,55
Paid for a new hot water system,1500
Bought a vintage jewelry set,9500
Purchased a high-end camera,11000
Paid for a designer outfit,6000
Subscribed to an exclusive language learning platform,25
Bought a designer coat,8000
Paid for a luxury home cleaning service,7000
Purchased a premium coffee maker,6000
Subscribed to an online therapy service,100
Bought a luxury branded backpack,6500
Paid for a custom-made wardrobe,12000
Purchased a set of luxury home fragrances,7000
Subscribed to a VIP sports channel,50
Bought a premium ski jacket,6000
Paid for a new fitness treadmill,8500
Purchased a high-end sound system,9500
Subscribed to a private recipe service,30
Bought a custom-designed rug,7000
Paid for a premium skin treatment package,8000
Purchased a limited edition sneaker,7500
Subscribed to a meditation app,10
Bought a luxury dinnerware set,6500
Paid for a custom garden landscaping,10000
Bought a premium smartwatch,6000
Subscribed to a gourmet food box service,35
Paid for a designer office chair,7000
Purchased a high-end electric stove,8500
Bought a luxury pair of boots,9000
Subscribed to a personalized workout program,45
Bought a set of premium kitchen appliances,8000
Paid for a private event space,12000
Purchased a custom-built fish tank,7000
Subscribed to a luxury wine service,25
Bought a vintage concert poster,6000
Paid for a new outdoor pool table,7500
Purchased a high-end barbecue grill,6500
Subscribed to an exclusive membership service,30
Bought a designer scarf,5000
Paid for a luxury massage chair,9500
Purchased a high-end computer monitor,7000
Subscribed to an exclusive wine club,60
Bought a designer set of towels,6500
Paid for a luxury vehicle rental,8000
Purchased a custom-built soundproof room,12000
Bought a set of premium golf clubs,7000
Subscribed to a premium skincare service,40
Paid for a high-end sewing machine,6000
Bought a luxury beach chair,6500
Paid for a personalized home renovation,8000
Purchased a designer piece of furniture,7500
Subscribed to a premium language app,15
Bought a limited edition watch,8500
Paid for a designer floor lamp,5500
Purchased a luxury sofa bed,9000
Subscribed to an exclusive fitness group,25
Bought a designer cocktail set,7000
Paid for a high-end bike,7500
Purchased a premium yoga mat,6000
Subscribed to a luxury pet grooming service,20
Bought a vintage camera,8000
Paid for a new home exterior paint job,6500
Purchased a designer rug set,7500
Subscribed to a luxury digital magazine,15
Bought a limited edition perfume,6000
Paid for a designer office desk,8500
Purchased a custom-made leather jacket,7000
Subscribed to an exclusive cooking class,40
Bought a designer wallet set,6500
Paid for a luxury outdoor kitchen setup,12000
Purchased a premium desk organizer,6000
Subscribed to a digital music service,25
Bought a high-end kitchen island,7000
Paid for a designer engagement ring,9000
Purchased a luxury home fountain,8000
Subscribed to a private members-only club,50
Bought a vintage watch,8500
Paid for a premium office carpet,7000
Purchased a custom-designed fireplace,12000
Subscribed to a high-end fitness app,30
Bought a designer leather briefcase,6000
Paid for a luxury cruise package,15000
Purchased a set of designer shoes,6500
Subscribed to a private documentary streaming service,10
Bought a high-end record player,8000
Paid for a personal photographer,7000
Purchased a premium TV stand,6000
Subscribed to a luxury sports channel,25
Bought a set of luxury sunglasses,7000
Paid for a high-end computer chair,8500
Purchased a designer perfume set,9500
Subscribed to a specialized nutrition program,50
Bought a luxury pet collar,6000
Paid for a designer lighting installation,7500
Purchased a custom art piece,10000
Subscribed to a luxury fitness subscription box,30
Bought a high-end set of steak knives,6500
Paid for a luxury flooring installation,8500
Purchased a limited edition art print,8000
Subscribed to a high-end food delivery service,25
Bought a designer office lamp,7000
Paid for a premium smart lighting system,7500
Purchased a set of luxury cooking utensils,6000
Subscribed to a private wine tasting event,40
Bought a designer kitchen gadget set,8500
Paid for a high-end personal assistant service,9000
Purchased a custom-made desk,10000
Subscribed to an exclusive fashion service,50
Bought a luxury clock,7500
Paid for a premium home security system,12000
Purchased a designer pillow set,6000
Subscribed to a luxury vacation service,25
Bought a high-end marble sculpture,7000
Paid for a personalized home fragrance,7500
Purchased a set of premium cookware,6500
Subscribed to a wellness app,20
Bought a custom-built home theater seating,8500
Paid for a premium pool cleaning service,7000
Bought a designer leather jacket,7000
Subscribed to a premium audio book service,20
Paid for a high-end sewing machine,6000
Purchased a luxury bed frame,8000
Bought a custom-built boat,15000
Paid for a premium home cleaning service,7500
Subscribed to an exclusive tech newsletter,15
Bought a set of designer luggage,6500
Paid for a private cooking class,7000
Purchased a set of high-end kitchen knives,8500
Bought a custom-made suit,12000
Subscribed to a meditation and mindfulness app,30
Paid for a luxury sports car rental,10000
Purchased a luxury digital camera,9000
Subscribed to a premium fitness program,45
Bought a designer pet bed,5500
Paid for a set of high-end golf clubs,7000
Purchased a limited edition luxury handbag,8000
Subscribed to an exclusive wine service,35
Bought a luxury electric fireplace,6000
Paid for a custom-designed rug,7500
Purchased a premium leather sofa,6500
Subscribed to a monthly gourmet coffee delivery,50
Bought a designer dining table,7000
Paid for a luxury pet grooming service,8500
Purchased a designer pendant necklace,9500
Subscribed to a personal growth service,25
Bought a luxury rug,8000
Paid for a high-end laptop,11000
Purchased a designer office chair,6000
Subscribed to an exclusive fitness class,40
Bought a limited edition art print,7000
Paid for a designer bathroom sink,8500
Purchased a custom-made bed,12000
Subscribed to an exclusive travel service,25
Bought a luxury car detailing package,6000
Paid for a high-end home gym,10000
Purchased a set of luxury sheets,7000
Subscribed to a digital health tracker service,30
Bought a premium barbecue grill,8500
Paid for a personal shopping service,9500
Purchased a high-end coffee machine,8000
Subscribed to an exclusive film club,45
Bought a designer sports watch,6500
Paid for a custom woodworking project,7000
Purchased a premium soundbar,6000
Subscribed to a luxury food delivery service,35
Bought a designer outdoor swing,7000
Paid for a personalized home decor service,7500
Purchased a luxury cooking appliance set,9500
Subscribed to a fine art subscription service,50
Bought a premium leather handbag,8500
Paid for a high-end camera lens,7500
Purchased a luxury outdoor kitchen setup,12000
Subscribed to a luxury wellness app,25
Bought a vintage concert ticket,6500
Paid for a private event at a luxury venue,10000
Purchased a high-end massage chair,8000
Subscribed to a specialized cooking service,40
Bought a luxury office desk,7000
Paid for a custom home theater system,9500
Purchased a high-end vacuum cleaner,6500
Subscribed to a home renovation service,50
Bought a custom-built electric bike,8500
Paid for a luxury mattress topper,6000
Purchased a designer floor rug,7000
Subscribed to a travel package service,35
Bought a luxury outdoor couch,7500
Paid for a personal chef service,8000
Purchased a designer chandelier,9500
Subscribed to a home improvement course,20
Bought a limited edition designer jacket,6000
Paid for a premium personal training session,6500
Purchased a custom-built desk,12000
Subscribed to a luxury interior design service,25
Bought a high-end bicycle,7000
Paid for a luxury outdoor dining set,8500
Purchased a designer office rug,6000
Subscribed to a private wine tasting service,50
Bought a designer high chair,7000
Paid for a luxury pool cleaning service,8000
Purchased a high-end projector,9000
Subscribed to a fine dining club,30
Bought a premium kitchen appliance set,8500
Paid for a luxury house cleaning service,7000
Purchased a designer set of glasses,9500
Subscribed to an exclusive travel blog,25
Bought a luxury outdoor fire pit,6000
Paid for a high-end yoga class,6500
Purchased a designer ceiling light,7000
Subscribed to an art museum membership,40
Bought a premium set of headphones,8000
Paid for a custom-built storage unit,9500
Purchased a luxury picnic basket,6500
Subscribed to a personalized workout program,20
Bought a designer coffee table,7000
Paid for a private yacht rental,15000
Purchased a high-end sound system,10000
Subscribed to an exclusive fitness app,30
Bought a designer watch box,7500
Paid for a luxury hiking boot set,6000
Purchased a limited edition luxury coat,9000
Subscribed to an exclusive photography service,45
Bought a high-end mixer,8500
Paid for a luxury bath set,7000
Purchased a custom-designed bookshelf,8000
Subscribed to a high-end meal plan,50
Bought a premium dining chair set,6500
Paid for a luxury leather belt,7000
Purchased a high-end grill,8500
Subscribed to an exclusive sports channel,30
Bought a designer scarf set,6000
Paid for a luxury spa vacation,12000
Purchased a custom art frame,7500
Subscribed to a fine wine club,20
Bought a luxury phone case,7000
Paid for a premium kitchen faucet,6500
Purchased a designer pillow set,8000
Subscribed to an exclusive cooking channel,30
Bought a high-end home security system,10000
Paid for a custom-built patio set,9500
Purchased a luxury home fragrance set,6000
Subscribed to a luxury fashion subscription,25
Bought a premium bicycle helmet,6500
Paid for a high-end fitness tracker,7000
Purchased a custom-designed mirror,8500
Subscribed to an exclusive dance program,40
Bought a luxury carpet cleaner,8000
Paid for a custom entertainment setup,10000
Purchased a designer piece of jewelry,7500
Subscribed to a gourmet cheese club,30
Bought a high-end coat for winter,6000
Paid for a personalized handbag,7000
Purchased a luxury wine cellar,12000
Subscribed to a high-end cooking class,25
Purchased a designer briefcase,6000
Paid for a luxury camping experience,8500
Bought a premium coffee machine,7500
Subscribed to an exclusive skincare service,40
Purchased a high-end smart speaker,7000
Paid for a personalized vacation itinerary,12000
Bought a custom-made skateboard,6000
Subscribed to a luxury fashion magazine,30
Bought a designer handbag,9500
Paid for a premium BBQ catering service,8000
Purchased a set of fine wine glasses,6000
Subscribed to a premium book club,20
Bought a high-end bicycle rack,7000
Paid for a luxury car customization,10000
Purchased a set of designer throw pillows,8000
Subscribed to an exclusive yacht club,50
Bought a luxury home fragrance diffuser,8500
Paid for a private wine tasting tour,7500
Purchased a designer bracelet,6000
Subscribed to a high-end golf membership,45
Bought a high-end kitchen island,12000
Paid for a personal assistant service,9500
Purchased a custom-designed home bar,7000
Subscribed to a gourmet chocolate delivery,35
Bought a luxury men's grooming kit,8000
Paid for a designer home office setup,6500
Purchased a premium office chair,7500
Subscribed to a luxury pet food service,20
Bought a set of designer wine glasses,6000
Paid for a private photography session,9500
Purchased a high-end outdoor heater,7000
Subscribed to an exclusive craft beer club,30
Bought a luxury stone kitchen countertop,10000
Paid for a custom-made fireplace,8500
Purchased a designer backpack,7500
Subscribed to a monthly tea box service,25
Bought a premium set of speakers,8000
Paid for a luxury fitness retreat,12000
Purchased a designer home bar set,6000
Subscribed to an exclusive gardening service,35
Bought a luxury bedspread set,6500
Paid for a custom wardrobe,7000
Purchased a high-end surfboard,9500
Subscribed to a premium cooking course,45
Bought a designer coffee table set,7500
Paid for a luxury spa package,8000
Purchased a high-end set of wine accessories,10000
Subscribed to an exclusive language course,30
Bought a custom-made mattress,6000
Paid for a private dinner experience,7000
Purchased a luxury fashion accessory,8500
Subscribed to a gourmet food subscription,50
Bought a high-end sound system,12000
Paid for a designer table lamp,6500
Purchased a luxury tableware set,7500
Subscribed to a premium skincare box service,30
Bought a custom-built wardrobe,9500
Paid for a luxury yoga retreat,8000
Purchased a high-end espresso machine,10000
Subscribed to an exclusive art class,20
Bought a designer pet carrier,6000
Paid for a custom interior design service,12000
Purchased a luxury set of kitchen utensils,7500
Subscribed to a private video streaming service,25
Bought a high-end tent,8500
Paid for a premium luxury mattress,7000
Purchased a custom-built patio swing,6000
Subscribed to an exclusive meal prep service,45
Bought a designer outdoor couch,9500
Paid for a high-end fireplace installation,10000
Purchased a luxury bathroom vanity,8000
Subscribed to a high-end virtual workout class,40
Bought a luxury outdoor dining table,12000
Paid for a premium fashion stylist,6500
Purchased a designer scarf set,7000
Subscribed to a private club for cocktails,25
Bought a high-end outdoor rug,8500
Paid for a luxury hotel suite,12000
Purchased a custom home entertainment system,9500
Subscribed to a gourmet coffee subscription,30
Bought a luxury rocking chair,6000
Paid for a premium bottle of wine,7000
Purchased a high-end set of cookware,8000
Subscribed to a luxury shoe subscription,45
Bought a custom-built home gym,10000
Paid for a designer rug set,9500
Purchased a luxury custom hat,7500
Subscribed to a luxury watch subscription,25
Bought a high-end gaming chair,6000
Paid for a personalized jewelry design,7000
Purchased a designer mirror,8000
Subscribed to a luxury fitness tracker service,35
Bought a custom-built water fountain,9500
Paid for a luxury home spa,10000
Purchased a designer suit jacket,6500
Subscribed to a gourmet snack box service,50
Bought a premium grill set,7000
Paid for a high-end kitchen renovation,12000
Purchased a luxury designer painting,8000
Subscribed to an exclusive dessert club,30
Bought a custom-made dining table,9500
Paid for a luxury food delivery package,8500
Purchased a high-end blender,6000
Subscribed to a fine dining subscription,45
Bought a premium travel bag,8000
Paid for a designer home spa experience,9500
Purchased a luxury garden swing,7000
Subscribed to a virtual reality fitness program,20
Bought a custom-built fireplace,6500
Paid for a high-end concert ticket,7500
Purchased a designer desk lamp,8500
Subscribed to an exclusive restaurant club,40
Bought a luxury outdoor chair set,12000
Paid for a premium mattress topper,6000
Purchased a high-end soundbar system,7000
Subscribed to a gourmet wine club,30
Bought a luxury home theater system,10000
Paid for a premium outdoor heating system,9500
Purchased a designer handbag set,8500
Subscribed to an exclusive skincare service,45
Purchased a luxury portable speaker,6000
Paid for a custom-designed home library,7500
Bought a high-end leather jacket,9500
Subscribed to a gourmet food truck service,25
Bought a luxury golf club set,12000
Paid for a personal yacht charter,10000
Purchased a designer chaise lounge,7000
Subscribed to a premium online course,40
Bought a high-end espresso cup set,8000
Paid for a personalized wedding ring design,8500
Purchased a luxury photo album,6500
Subscribed to a VIP travel concierge service,50
Bought a custom-built office desk,7500
Paid for a luxury diamond necklace,9500
Purchased a designer leather sofa,8000
Subscribed to a luxury camping service,30
Bought a high-end watch winder,6000
Paid for a personalized cooking lesson,7000
Purchased a designer wall mirror,10000
Subscribed to a luxury makeup subscription,25
Bought a luxury pet grooming kit,6500
Paid for a private wine cellar consultation,8000
Purchased a high-end yoga mat,6000
Subscribed to a gourmet ingredient service,40
Bought a premium outdoor kitchen setup,9500
Paid for a luxury chocolate tasting experience,7500
Purchased a designer kitchen sink,7000
Subscribed to a wine club membership,30
Bought a luxury leather armchair,10000
Paid for a high-end photo printing service,6500
Purchased a custom pool table,8000
Subscribed to a fine jewelry subscription,20
Bought a luxury digital camera,9500
Paid for a designer outdoor furniture set,12000
Purchased a premium electric grill,6000
Subscribed to a private fitness trainer,45
Bought a high-end portable air conditioner,7000
Paid for a luxury spa facial treatment,8500
Purchased a designer wooden bookshelf,7500
Subscribed to a VIP movie streaming service,30
Bought a custom-made soundproof room kit,10000
Paid for a luxury custom watch,9500
Purchased a designer table centerpiece,6500
Subscribed to a high-end interior design newsletter,20
Bought a luxury smart mirror,7000
Paid for a private cooking event,8000
Purchased a high-end fitness equipment,7500
Subscribed to a luxury fragrance box service,40
Bought a designer rug for the living room,9500
Paid for a premium massage chair,8500
Purchased a high-end dining set,10000
Subscribed to a subscription box for luxury chocolates,30
Bought a luxury outdoor lighting setup,7000
Paid for a designer spa treatment,8000
Purchased a luxury briefcase,6000
Subscribed to a personalized gardening service,25
Bought a high-end home theater projector,9500
Paid for a luxury vintage car restoration,12000
Purchased a custom-made bicycle,7000
Subscribed to a premium cooking appliance service,45
Bought a designer chaise for the patio,6500
Paid for a luxury vacation villa,8000
Purchased a high-end French press,6000
Subscribed to a gourmet cake delivery service,35
Bought a luxury espresso machine,8500
Paid for a designer closet installation,9500
Purchased a premium hiking backpack,7500
Subscribed to a custom fragrance creation service,30
Bought a custom home sauna,10000
Paid for a luxury haircare subscription,7000
Purchased a designer mattress topper,8000
Subscribed to an exclusive wine-tasting experience,40
Bought a high-end record player,7500
Paid for a luxury outdoor fireplace,9500
Purchased a custom-designed pool,12000
Subscribed to a monthly luxury shoe service,20
Bought a designer travel wallet,6000
Paid for a luxury home theater installation,7000
Purchased a high-end chef’s knife set,8500
Subscribed to a premium skincare line,30
Bought a luxury home appliance,9500
Paid for a designer home entryway decor,7500
Purchased a custom outdoor bar setup,10000
Subscribed to a subscription box for luxury accessories,45
Bought a premium outdoor shower,6500
Paid for a luxury custom-made hat,8000
Purchased a high-end wine opener,6000
Subscribed to an exclusive yoga retreat,25
Bought a designer tablecloth,7000
Paid for a luxury leather wallet,7500
Purchased a custom chandelier,9500
Subscribed to a gourmet coffee subscription,40
Bought a high-end barbecue grill,10000
Paid for a private concert,8500
Purchased a designer home lighting fixture,8000
Subscribed to an exclusive art exhibit,30
Bought a luxury makeup kit,6000
Paid for a high-end antique collection,12000
Purchased a premium designer handbag,7000
Subscribed to a gourmet tea club,35
Bought a custom-built garage,8500
Paid for a designer home office setup,7500
Purchased a high-end cooking appliance,10000
Subscribed to a luxury subscription service,25
Bought a luxury home massage chair,6500
Paid for a premium custom bicycle,8000
Purchased a designer pendant necklace,9500
Subscribed to an exclusive movie premiere service,40
Bought a high-end designer coffee table,10000
Paid for a luxury floral arrangement service,6500
Purchased a custom-built staircase,8000
Subscribed to a premium clothing subscription,30
Bought a luxury outdoor dining set,9500
Paid for a designer mirror set,12000
Purchased a high-end digital piano,7500
Subscribed to a monthly fragrance delivery,100
Purchased a luxury watch case,6000
Paid for a designer kitchen faucet,7500
Bought a high-end whiskey set,9500
Subscribed to a gourmet cheese delivery,30
Bought a custom-built jewelry box,12000
Paid for a luxury fitness tracker,10000
Purchased a designer bookshelf,7000
Subscribed to a premium magazine,40
Bought a high-end wine rack,8000
Paid for a private art collection consultation,8500
Purchased a custom home security system,6500
Subscribed to a luxury skincare subscription,25
Bought a premium outdoor grill,7500
Paid for a custom boat design,9500
Purchased a high-end refrigerator,8000
Subscribed to a gourmet ice cream service,35
Bought a designer living room set,10000
Paid for a luxury custom pool design,7000
Purchased a high-end barbecue smoker,8500
Subscribed to a luxury home cleaning service,30
Bought a premium chef’s knife,6500
Paid for a designer home art piece,7500
Purchased a custom-designed wine cellar,9500
Subscribed to a luxury watch service,25
Bought a high-end outdoor fire pit,8000
Paid for a luxury concierge service,8500
Purchased a designer home bar,7000
Subscribed to a premium cocktail kit service,35
Bought a luxury home theater system,10000
Paid for a designer dining table,9500
Purchased a high-end laptop,12000
Subscribed to an exclusive cocktail club,30
Bought a luxury leather couch,7000
Paid for a designer vanity set,7500
Purchased a custom home gym setup,8000
Subscribed to a fine dining subscription,25
Bought a high-end custom rug,8500
Paid for a luxury vacation villa,9500
Purchased a designer photo frame,6000
Subscribed to a premium meal delivery service,40
Bought a custom wine glass set,7000
Paid for a luxury hair styling service,8500
Purchased a high-end home appliance,10000
Subscribed to a premium pet subscription,30
Bought a luxury men’s leather jacket,12000
Paid for a custom-designed outdoor patio,7500
Purchased a designer bathroom mirror,9500
Subscribed to an exclusive shopping experience,20
Bought a high-end designer vase,6500
Paid for a luxury boat tour,8000
Purchased a custom home office chair,7000
Subscribed to a luxury chocolate delivery,35
Bought a designer hand-woven rug,9500
Paid for a luxury resort package,12000
Purchased a premium sound system,8000
Subscribed to a private fine dining club,25
Bought a high-end leather handbag,6500
Paid for a custom-designed dining set,7000
Purchased a luxury electric fireplace,8500
Subscribed to a gourmet pastry service,40
Bought a designer mirror frame,9500
Paid for a private photography class,10000
Purchased a luxury designer scarf,6500
Subscribed to a high-end wine delivery service,30
Bought a high-end air purifier,7000
Paid for a custom-designed fireplace,7500
Purchased a premium outdoor lounge set,8500
Subscribed to a luxury fashion rental service,25
Bought a custom kitchen backsplash,10000
Paid for a designer bathtub installation,7000
Purchased a luxury outdoor lighting fixture,8000
Subscribed to a private membership club,40
Bought a high-end designer trench coat,9500
Paid for a luxury yacht experience,8500
Purchased a custom-designed bed frame,7500
Subscribed to an exclusive skincare box,25
Bought a luxury home accessory,6500
Paid for a custom jewelry design,10000
Purchased a high-end kitchen island,9500
Subscribed to a premium fitness tracker service,35
Bought a custom sound system,7000
Paid for a luxury designer chair,8000
Purchased a premium bicycle,12000
Subscribed to a luxury dessert subscription,30
Bought a high-end patio heater,7500
Paid for a luxury designer handbag,8500
Purchased a custom built outdoor kitchen,9500
Subscribed to a fine wine tasting service,25
Bought a high-end leather travel bag,7000
Paid for a designer office lamp,6500
Purchased a luxury chandelier for dining room,8000
Subscribed to an exclusive gourmet food service,40
Bought a custom home garden setup,9500
Paid for a premium home appliance service,10000
Purchased a high-end set of golf clubs,8500
Subscribed to a premium coffee club,30
Bought a designer dining chair,7500
Paid for a custom kitchen renovation,9500
Purchased a luxury home security camera system,7000
Subscribed to a luxury shopping service,25
Bought a premium mattress set,8000
Paid for a designer home entryway fixture,10000
Purchased a custom-built greenhouse,9500
Subscribed to an exclusive jewelry box service,40
Bought a high-end luxury scarf,6500
Paid for a luxury dog grooming service,7000
Purchased a premium home cinema system,8500
Subscribed to a VIP dinner service,30
Bought a luxury bed set,6000
Paid for a designer pool chair,7500
Purchased a high-end blender,9500
Subscribed to a gourmet snack box,30
Bought a custom-made wine cooler,10000
Paid for a luxury pet bed,8000
Purchased a designer coffee table,7000
Subscribed to a luxury chocolate subscription,25
Bought a premium ergonomic chair,8500
Paid for a custom-built greenhouse,9500
Purchased a high-end gaming chair,10000
Subscribed to a private concierge service,30
Bought a luxury leather portfolio,6000
Paid for a designer home lighting solution,7500
Purchased a high-end blender,9500
Subscribed to a wine subscription box,40
Bought a custom-designed table lamp,7000
Paid for a designer kitchen sink,8500
Purchased a premium home theater projector,10000
Subscribed to a premium fitness plan,25
Bought a high-end wristwatch,9500
Paid for a luxury home makeover,7500
Purchased a designer outdoor rug,6500
Subscribed to a luxury shopping experience,30
Bought a custom patio furniture set,8500
Paid for a luxury massage therapy package,7000
Purchased a premium dining chair,9500
Subscribed to a luxury coffee subscription,40
Bought a high-end soundbar,10000
Paid for a custom-designed home gym,8500
Purchased a luxury bathrobe,7500
Subscribed to an exclusive beauty box service,25
Bought a high-end massage chair,7000
Paid for a premium custom cabinet,8500
Purchased a custom outdoor fireplace,9500
Subscribed to a gourmet recipe service,30
Bought a luxury coffee machine,8000
Paid for a designer shower system,7500
Purchased a high-end portable grill,9500
Subscribed to a luxury skincare box,25
Bought a designer bedroom lamp,7000
Paid for a luxury wine-tasting event,8500
Purchased a custom wine cellar,10000
Subscribed to a private art collection,40
Bought a high-end chef’s knife,9500
Paid for a luxury concierge trip,8000
Purchased a premium beach chair,7500
Subscribed to a high-end meal service,25
Bought a custom-designed bed frame,7000
Paid for a luxury custom-built kitchen,9500
Purchased a designer home art piece,8000
Subscribed to a premium clothing service,35
Bought a high-end outdoor lounge set,9500
Paid for a luxury dog walker service,7000
Purchased a custom fireplace design,8000
Subscribed to a gourmet meal kit service,25
Bought a high-end picnic basket,6500
Paid for a luxury home décor package,8500
Purchased a premium personal trainer service,9500
Subscribed to an exclusive skincare line,40
Bought a custom home entertainment system,10000
Paid for a luxury yacht charter,9500
Purchased a designer lamp for the living room,8000
Subscribed to a premium chocolate club,25
Bought a high-end suitcase,7000
Paid for a luxury personal shopping service,9500
Purchased a custom-built wooden desk,8500
Subscribed to a high-end fitness club,30
Bought a designer outdoor bench,10000
Paid for a luxury car detailing service,7000
Purchased a high-end oven,9500
Subscribed to a premium gourmet box,25
Bought a custom-built pizza oven,8500
Paid for a luxury tailored suit,8000
Purchased a premium outdoor sound system,10000
Subscribed to a gourmet sandwich service,40
Bought a high-end garden sculpture,6500
Paid for a designer custom chair,7500
Purchased a luxury spa experience,9500
Subscribed to an exclusive fashion service,35
Bought a custom-designed wine rack,8000
Paid for a luxury night at a boutique hotel,10000
Purchased a high-end fitness machine,9500
Subscribed to a luxury cooking appliance club,30
Bought a designer dining table,8500
Paid for a premium home painting service,7000
Purchased a high-end custom wardrobe,9500
Subscribed to a premium meal service,40
Bought a custom-built outdoor pool,10000
Paid for a luxury designer couch,8500
Purchased a designer coffee table set,9500
Subscribed to an exclusive luxury box service,30
Bought a high-end workout bench,7000
Paid for a premium home gym setup,10000
Purchased a custom kitchen cabinet set,7500
Subscribed to a luxury wine service,25
Bought a high-end portable speaker,9500
Paid for a designer home security system,8500
Purchased a premium gaming console,8000
Subscribed to a gourmet meal service,40
Bought a custom luxury bed,9500
Paid for a luxury personal chef service,7000
Purchased a high-end designer mirror,8000
Subscribed to a luxury music streaming service,30
Bought a custom outdoor bar,10000
Paid for a premium beauty treatment,9500
Purchased a high-end designer rug,8500
Subscribed to a VIP wine club,25
Bought a luxury designer dining set,9500
Paid for a custom-built desk,7000
Purchased a premium designer briefcase,8000
Subscribed to an exclusive fashion service,40
Bought groceries,10000
Paid for car insurance,5000
Purchased a subscription for a fitness app,1500
Paid for a utility bill,3000
Purchased a new sofa,6000
Bought new shoes,2000
Paid for a new television,8000
Bought an air purifier,2500
Subscribed to a meal delivery service,1200
Purchased new winter clothes,4000
Bought a bike,5000
Paid for a home internet upgrade,3000
Purchased a new washing machine,7000
Bought a dining set,3000
Paid for a medical consultation,2000
Purchased a home air conditioner,4000
Bought a set of kitchen appliances,3500
Paid for a gym membership,1200
Purchased a new desk,2000
Bought a gift card,2500
Paid for a subscription box,1500
Bought groceries for the week,3000
Paid for a clothing alteration,1000
Bought a set of home decor items,2000
Purchased a new computer,5000
Paid for an online course,1500
Bought a new smartphone,4000
Paid for a dental check-up,2000
Purchased a camping kit,3000
Bought new bed linens,2500
Paid for a hotel stay,4000
Bought a set of cookware,3500
Paid for a flight ticket,5000
Purchased new workout equipment,2500
Bought a new laptop,6000
Paid for a car wash service,1000
Purchased a garden tool set,2000
Bought a new coffee machine,3000
Paid for a family subscription to a streaming service,1200
Purchased a set of home lighting fixtures,1500
Bought a gift for a special occasion,2500
Paid for a software subscription,1000
Purchased a new camera,5000
Bought a set of headphones,2000
Paid for a custom-made shirt,1200
Purchased a gaming console,4000
Bought a high-end clock,1500
Paid for a spa day,3000
Purchased a home printer,2500
Bought new furniture for the office,6000
Paid for a package of home cleaning services,1000
Purchased a high-end blender,3500
Bought new curtains for the living room,2500
Paid for a home pest control service,1500
Purchased a gym equipment set,4000
Bought a new set of bed sheets,1000
Paid for a vacation rental,5000
Purchased a massage chair,7000
Bought new kitchen utensils,2000
Paid for a monthly subscription box,1200
Purchased a premium wine set,3500
Bought a pet grooming service,1500
Paid for a photography session,2500
Purchased a camping stove,2000
Bought a set of home exercise DVDs,1000
Paid for a concert ticket,2000
Purchased a set of luxury towels,2500
Bought a new set of gardening tools,1500
Paid for a car repair service,3000
Purchased a sound system,4000
Bought a set of vintage books,1000
Paid for a yoga class,1200
Purchased a designer bag,4000
Bought a set of skincare products,2500
Paid for a weekend getaway,3000
Purchased a professional camera lens,5000
Bought a custom phone case,1000
Paid for a house cleaning service,1500
Purchased a luxury chocolate gift box,2000
Bought a designer watch,5000
Paid for a makeup session,2500
Purchased a new pair of sunglasses,1500
Bought a luxury fragrance,3500
Paid for a weekend spa retreat,4500
Purchased a premium digital camera,4000
Bought a set of designer cufflinks,3000
Paid for an online fitness course,1500
Purchased a designer jacket,3500
Bought a new pair of running shoes,2000
Paid for a car rental service,3000
Purchased a set of luxury wine glasses,2500
Bought a set of home office furniture,4000
Paid for a private chef service,5000
Purchased a new lawnmower,3500
Bought a fitness tracker,2000
Paid for a home theater projector,6000
Purchased a set of premium teas,1000
Bought a professional blow dryer,2000
Paid for a subscription to a health magazine,1200
Purchased a new rug for the living room,3000
Bought a designer lamp,2500
Paid for a car detailing service,1500
Purchased a set of luxury bed linens,4000
Bought a set of gardening pots,1500
Paid for a beauty treatment,2500
Purchased a designer wallet,3500
Bought a professional juicer,2000
Paid for a new tire set,3000
Purchased a gym membership,1200
Bought a set of outdoor furniture,4000
Paid for a housewarming gift,1500
Purchased a custom-made T-shirt,1000
Bought a set of luxury bedding,2500
Paid for a yoga retreat,3000
Purchased a luxury wallet,4000
Bought a high-end jacket,3500
Paid for a home renovation,5000
Purchased a fitness program,1500
Bought a set of luxury perfume,2000
Paid for a subscription to a fashion box,1000
Bought a luxury designer handbag,6000
Paid for a custom-built outdoor kitchen,7500
Purchased a high-end gaming laptop,9500
Subscribed to a gourmet meal delivery service,30
Bought a designer leather chair,8000
Paid for a custom home gym setup,7000
Purchased a high-end home projector,9500
Subscribed to a luxury home decor service,25
Bought a premium Bluetooth speaker,7500
Paid for a private chef for a week,10000
Purchased a luxury designer watch,12000
Subscribed to a fitness meal subscription,35
Bought a high-end electric bicycle,8000
Paid for a premium mattress,9500
Purchased a designer outdoor sofa,10000
Subscribed to a beauty subscription box,30
Bought a high-end kitchen island,7000
Paid for a custom-designed luxury car,12000
Purchased a premium sound system,8500
Subscribed to a high-end coffee club,25
Bought a luxury pool table,9500
Paid for a designer home office chair,6500
Purchased a custom-made wardrobe,8000
Subscribed to a gourmet chocolate box,40
Bought a designer wine rack,7000
Paid for a luxury car detailing service,7500
Purchased a high-end wine cooler,10000
Subscribed to a luxury pet subscription,30
Bought a custom-built aquarium,9500
Paid for a luxury bathroom renovation,8500
Purchased a premium chef’s knife,7000
Subscribed to a private art exhibition,25
Bought a luxury massage chair,8000
Paid for a designer backyard patio,9500
Purchased a high-end home security system,10000
Subscribed to a gourmet meal box,35
Bought a designer outdoor fireplace,7000
Paid for a luxury home cleaning service,8500
Purchased a custom-made chandelier,9500
Subscribed to a premium shopping service,30
Bought a high-end designer rug,8000
Paid for a custom-built patio deck,10000
Purchased a luxury home theater system,9500
Subscribed to a fitness subscription service,25
Bought a designer living room set,7500
Paid for a luxury travel package,12000
Purchased a high-end kitchen appliance,7000
Subscribed to a premium art box,40
Bought a luxury designer coat,8000
Paid for a designer garden furniture set,9500
Purchased a high-end soundbar,10000
Subscribed to a luxury vacation club,25
Bought a custom-designed patio furniture set,7000
Paid for a luxury personal styling service,7500
Purchased a designer kitchen backsplash,8000
Subscribed to a premium skincare service,30
Bought a luxury leather briefcase,9500
Paid for a designer home decor consultation,8500
Purchased a custom-built office desk,10000
Subscribed to an exclusive wine service,40
Bought a designer dining set,7000
Paid for a luxury art collection consultation,7500
Purchased a high-end barbecue grill,9500
Subscribed to a luxury chocolate delivery,30
Bought a custom-made bed frame,8500
Paid for a designer bathroom mirror,7000
Purchased a premium home gym setup,9500
Subscribed to a gourmet coffee subscription,25
Bought a high-end dining chair,8000
Paid for a luxury yacht tour,10000
Purchased a designer outdoor rug,9500
Subscribed to a fine wine subscription,30
Bought a custom-built outdoor grill,7500
Paid for a luxury home renovation,9500
Purchased a high-end bathroom faucet,10000
Subscribed to a luxury home cleaning service,25
Bought a luxury designer sofa,8500
Paid for a custom-designed wardrobe,7000
Purchased a premium sound system,9500
Subscribed to an exclusive fashion service,40
Bought a high-end designer coat,12000
Paid for a luxury outdoor lounge set,7000
Purchased a designer photo frame,8000
Subscribed to a luxury travel service,30
Bought a custom-made rug,9500
Paid for a designer lighting fixture,8500
Purchased a luxury fitness tracker,10000
Subscribed to a premium meal delivery service,25
Bought a high-end portable grill,7500
Paid for a custom-designed wine cellar,8000
Purchased a luxury leather jacket,9500
Subscribed to an exclusive culinary club,40
Bought a designer outdoor sofa set,7000
Paid for a luxury personal chef,10000
Purchased a high-end luxury bed set,8500
Subscribed to a fine dining experience,30
Bought a luxury leather backpack,9500
Paid for a designer backyard makeover,8000
Purchased a premium home sound system,10000
Subscribed to a high-end cocktail kit service,25
Bought a custom-made leather chair,7500
Paid for a luxury beach house rental,9500
Purchased a high-end home decor item,7000
Subscribed to a luxury gourmet box service,40
Bought a designer garden sculpture,8500
Paid for a luxury vacation rental,10000
Purchased a premium bicycle,9500
Subscribed to an exclusive fashion box,30
Bought a custom-made luxury chair,6500
Paid for a high-end custom-built shed,7000
Purchased a luxury Italian leather jacket,8500
Subscribed to a gourmet coffee subscription,25
Bought a premium home security camera system,10000
Paid for a designer backyard gazebo,8000
Purchased a high-end spa day,9500
Subscribed to a luxury snack subscription,35
Bought a custom-built dining table,9500
Paid for a luxury ski resort vacation,12000
Purchased a designer wardrobe organizer,7000
Subscribed to a fitness box delivery service,25
Bought a high-end BBQ grill,8000
Paid for a luxury pet grooming service,8500
Purchased a premium kitchen appliance,10000
Subscribed to a fine wine club,40
Bought a custom-made fireplace,9500
Paid for a designer living room furniture set,12000
Purchased a high-end garden design,8500
Subscribed to an exclusive travel club,30
Bought a luxury dining table set,7000
Paid for a designer home painting service,9500
Purchased a premium leather sofa,8000
Subscribed to a luxury skincare subscription,25
Bought a custom outdoor lounge set,8000
Paid for a high-end bathroom renovation,9500
Purchased a designer home lighting fixture,10000
Subscribed to a private wine tasting service,35
Bought a high-end ergonomic chair,7000
Paid for a custom kitchen remodel,8500
Purchased a designer home office desk,8000
Subscribed to a luxury meal kit,30
Bought a custom designer rug,9500
Paid for a luxury beach resort stay,10000
Purchased a high-end personal trainer service,8500
Subscribed to a premium gourmet chocolate club,25
Bought a designer wine cabinet,7000
Paid for a custom-built outdoor kitchen,9500
Purchased a luxury velvet sofa,8000
Subscribed to a fine dining subscription service,40
Bought a high-end custom bookshelf,7500
Paid for a premium vacation experience,12000
Purchased a designer bed frame,8500
Subscribed to a gourmet meal subscription,30
Bought a luxury lounge chair,9500
Paid for a high-end massage chair,7000
Purchased a premium outdoor dining set,8500
Subscribed to a luxury shopping experience,25
Bought a custom-designed kitchen island,10000
Paid for a luxury concert experience,7500
Purchased a designer kitchen faucet,9500
Subscribed to a premium pet care service,35
Bought a high-end personal organizer,7000
Paid for a custom-designed home theater,10000
Purchased a luxury designer mirror,8000
Subscribed to an exclusive food delivery service,30
Bought a custom-built designer bookshelf,9500
Paid for a luxury personal fitness coach,8500
Purchased a high-end gaming system,12000
Subscribed to a premium gourmet cooking service,40
Bought a luxury outdoor dining table,7500
Paid for a designer shower unit,7000
Purchased a high-end leather desk chair,9500
Subscribed to a luxury cooking class service,25
Bought a custom luxury chandelier,8500
Paid for a luxury spa weekend,10000
Purchased a premium sound system,7000
Subscribed to a gourmet dessert service,30
Bought a designer coffee machine,8000
Paid for a custom-built home bar,9500
Purchased a high-end designer sofa,10000
Subscribed to a premium skincare line,25
Bought a luxury home theater system,8500
Paid for a custom-designed landscape design,12000
Purchased a high-end bicycle,9500
Subscribed to a luxury gym membership,30
Bought a custom-made dining table set,7000
Paid for a luxury car rental,8500
Purchased a high-end home security system,10000
Subscribed to a gourmet seafood subscription,35
Bought a designer leather handbag,7500
Paid for a custom-built wooden deck,9500
Purchased a premium air purifier,7000
Subscribed to a fine wine delivery service,25
Bought a luxury patio furniture set,8500
Paid for a designer home office makeover,10000
Purchased a high-end entertainment system,9500
Subscribed to a luxury travel package,30
Bought a custom-built outdoor pool,12000
Paid for a luxury personal concierge service,7000
Purchased a premium fitness tracker,9500
Subscribed to a high-end jewelry box service,25
Bought a luxury designer briefcase,8000
Paid for a custom-built storage unit,7500
Purchased a high-end massage therapy package,9500
Subscribed to a luxury perfume service,30
Bought a premium outdoor hammock,7000
Paid for a luxury garden sculpture,10000
Purchased a designer kitchen island,8500
Subscribed to a luxury home improvement service,25
Bought a custom-made coffee table,7500
Paid for a luxury concierge service,12000
Purchased a high-end designer patio,9500
Subscribed to a fine dining restaurant service,30
Bought a luxury designer pillow,7000
Paid for a custom-designed home entryway,8500
Purchased a premium home appliance package,9500
Subscribed to a luxury art service,35
Bought a luxury sports car,12000
Paid for a custom-made pool table,7000
Purchased a high-end designer watch,9500
Subscribed to a premium wine subscription,35
Bought a custom-built outdoor fireplace,8500
Paid for a luxury kitchen remodel,10000
Purchased a high-end leather sofa,8000
Subscribed to a premium fitness class,25
Bought a custom home theater system,9000
Paid for a designer office furniture set,9500
Purchased a high-end sound system,7000
Subscribed to a gourmet food delivery service,30
Bought a luxury designer jacket,7500
Paid for a luxury personal trainer,8000
Purchased a high-end electric vehicle,12000
Subscribed to a premium skincare line,25
Bought a custom-made dining table,8000
Paid for a luxury art consultation,10000
Purchased a high-end designer chandelier,9500
Subscribed to a private chef service,30
Bought a premium leather briefcase,7000
Paid for a luxury travel experience,12000
Purchased a high-end designer rug,8500
Subscribed to an exclusive travel club,40
Bought a designer garden sculpture,7500
Paid for a custom-built luxury desk,9500
Purchased a high-end soundbar,7000
Subscribed to a luxury food box service,30
Bought a custom-made luxury chair,8000
Paid for a luxury home renovation,10000
Purchased a premium bicycle,8500
Subscribed to a fine wine tasting experience,25
Bought a custom-designed rug,9500
Paid for a luxury massage therapist,7000
Purchased a high-end garden furniture set,8000
Subscribed to a luxury chocolate delivery service,30
Bought a designer outdoor patio set,9000
Paid for a luxury yacht charter,12000
Purchased a high-end personal fitness tracker,7500
Subscribed to an exclusive clothing service,25
Bought a luxury designer wine cabinet,9500
Paid for a custom-built outdoor dining area,10000
Purchased a premium home security system,8500
Subscribed to a gourmet coffee service,35
Bought a high-end massage chair,7000
Paid for a luxury home cleaning service,8500
Purchased a designer kitchen appliance,9500
Subscribed to a fine dining club service,30
Bought a custom-made wardrobe,8000
Paid for a luxury vacation package,12000
Purchased a high-end designer patio,9000
Subscribed to a luxury fitness meal plan,25
Bought a custom-designed leather chair,7000
Paid for a luxury personal concierge service,9500
Purchased a high-end gym equipment set,10000
Subscribed to a gourmet snack box,30
Bought a premium designer table,8500
Paid for a luxury backyard makeover,12000
Purchased a high-end custom bookshelf,9500
Subscribed to an exclusive pet care service,25
Bought a luxury leather jacket,7000
Paid for a designer lighting system,8000
Purchased a high-end entertainment unit,9500
Subscribed to a private restaurant service,40
Bought a custom-made garden bench,7500
Paid for a luxury fitness retreat,10000
Purchased a high-end designer sofa,8500
Subscribed to a premium cocktail service,30
Bought a custom-built outdoor grill,9500
Paid for a luxury yacht rental,12000
Purchased a designer office chair,7000
Subscribed to a fine chocolate club,25
Bought a high-end leather sofa set,8500
Paid for a custom-built wardrobe,9500
Purchased a premium outdoor hammock,7000
Subscribed to a luxury gourmet box service,30
Bought a designer bathroom set,8000
Paid for a custom home office design,9500
Purchased a high-end luxury chandelier,10000
Subscribed to a luxury perfume delivery service,25
Bought a custom-made coffee table,7000
Paid for a luxury outdoor living area,8500
Purchased a high-end massage therapy package,9500
Subscribed to an exclusive culinary club,30
Bought a luxury leather handbag,12000
Paid for a custom outdoor kitchen,10000
Purchased a high-end designer rug,9500
Subscribed to a gourmet spice box,25
Bought a custom-built bookshelf,7500
Paid for a luxury travel package,8500
Purchased a premium leather desk chair,7000
Subscribed to a fine wine subscription service,30
Bought a designer home decor item,9500
Paid for a custom-designed fireplace,8000
Purchased a high-end home entertainment system,10000
Subscribed to an exclusive dessert club,25
Bought a custom-built outdoor patio,7000
Paid for a designer landscaping service,9500
Purchased a high-end designer chair,8000
Subscribed to a luxury snack subscription service,30
Bought a luxury personal grooming kit,7500
Paid for a custom-designed dining area,8500
Purchased a premium kitchen remodel,12000
Subscribed to a fine dining service,25
Bought a custom-built leather chair,9500
Paid for a luxury vacation home,10000
Purchased a high-end outdoor furniture set,8000
Subscribed to an exclusive pet subscription,30
Bought a designer office desk,7000
Paid for a custom home gym setup,8500
Purchased a luxury designer table,9500
Subscribed to a premium cocktail kit service,40
Bought a high-end designer sofa set,8000
Paid for a luxury art gallery visit,10000
Purchased a premium bicycle,9500
Subscribed to a luxury clothing delivery service,25
Bought a designer home office furniture,7000
Paid for a custom-designed patio,9500
Purchased a high-end sound system,8500
Subscribed to a fine dining box service,30
Bought a luxury leather bag,8000
Paid for a custom outdoor fireplace,10000
Purchased a designer living room set,9500
Subscribed to a premium chocolate subscription,25
Bought a custom-designed lighting system,7000
Paid for a luxury fitness center membership,8500
Purchased a high-end garden furniture set,9500
Subscribed to a luxury wine service,30
Bought a high-end luxury villa,15000
Paid for a custom-designed luxury pool,12000
Purchased a designer yacht,20000
Bought a luxury smart home automation system,9500
Paid for a premium private jet charter,25000
Bought a custom-built outdoor jacuzzi,12000
Paid for a luxury safari tour,10000
Bought a luxury mansion,30000
Purchased a custom-made diamond necklace,15000
Paid for a designer art installation,10000
Bought a custom-made sports car,50000
Purchased a luxury sound system for home theater,10000
Paid for a high-end spa treatment,6000
Bought a premium designer home appliance,7500
Paid for a personal chef for a year,12000
Bought a custom-designed luxury wardrobe,9000
Purchased a high-end personal fitness equipment,8000
Paid for a luxury outdoor kitchen,15000
Bought a designer diamond bracelet,10000
Paid for a luxury private island vacation,20000
Purchased a high-end designer fountain,8000
Bought a custom-made Italian leather sofa,10000
Paid for a luxury vacation home rental,12000
Purchased a high-end designer chandelier,9500
Bought a designer kitchen remodel,12000
Paid for a luxury home theatre system,15000
Purchased a premium home security system,8000
Bought a luxury custom closet system,7000
Paid for a designer clothing collection,9000
Purchased a high-end leather dining chair,8000
Bought a luxury art piece,12000
Paid for a custom-built garden gazebo,7000
Bought a luxury private yacht,25000
Paid for a high-end designer watch,9500
Purchased a luxury fitness retreat,10000
Bought a designer outdoor fire pit,6000
Paid for a luxury wedding package,20000
Purchased a high-end leather travel bag,7500
Bought a designer pool table,8000
Paid for a custom-designed wine cellar,9000
Bought a luxury personal spa package,12000
Purchased a designer leather jacket,7000
Paid for a high-end home office redesign,10000
Bought a luxury holiday villa,20000
Paid for a custom-built home theater,9500
Purchased a high-end spa experience,7000
Bought a designer luxury rug,8000
Paid for a custom-built dream home,30000
Bought a high-end personal assistant service,15000
Paid for a designer wedding gown,10000
Purchased a luxury custom-made car,25000
Bought a designer home renovation package,15000
Paid for a high-end chef's kitchen,10000
Purchased a custom luxury boat,18000
Bought a designer outdoor lounge set,7000
Paid for a luxury private villa experience,20000
Bought a high-end personal styling session,6000
Paid for a premium designer closet system,8000
Purchased a luxury cruise ship vacation,25000
Bought a high-end sound system for home theater,10000
Paid for a luxury fitness gym membership,9000
Bought a designer luxury lighting fixture,7500
Paid for a custom-built designer mansion,35000
Purchased a premium garden design package,7000
Bought a high-end luxury recliner chair,8500
Paid for a luxury chauffeur service,6000
Bought a designer outdoor living space,12000
Purchased a high-end smart mirror,7500
Paid for a custom-designed leather sofa,9500
Bought a luxury designer home appliance,8000
Paid for a high-end VIP event ticket,7000
Purchased a luxury customized wardrobe,9500
Bought a designer kitchen island,8500
Paid for a luxury high-tech fitness tracker,7000
Bought a premium designer chair for office,8000
Paid for a luxury personal shopping service,9500
Purchased a high-end luxury wooden desk,10000
Bought a designer luxury bicycle,8000
Paid for a high-end private concert,20000
Purchased a luxury home decor package,7500
Bought a premium sound system for outdoor patio,9000
Paid for a custom-designed leather couch,12000
Purchased a designer luxury outdoor grill,8000
Bought a high-end chef's knife set,6000
Paid for a premium designer patio set,8500
Purchased a luxury watch collection,15000
Bought a designer high-tech coffee machine,7000
Paid for a custom-designed luxury bath,10000
Bought a high-end custom-made pool cover,8000
Paid for a luxury interior designer service,9000
Bought a luxury leather sofa set,8500
Paid for a high-end designer kitchen gadget,7500
Purchased a premium spa experience,8000
Bought a custom-made luxury bicycle,9500
Paid for a luxury home garden design,7000
Bought a premium designer office set,10000
Paid for a luxury private tour,12000
Purchased a high-end designer bar,8500
Bought a luxury personalized wedding package,15000
Paid for a custom-built designer office,12000
Purchased a designer custom-made coffee table,7000
Bought a high-end outdoor patio furniture set,8000
Paid for a luxury jewelry collection,12000
Purchased a high-end home automation system,9500
Bought a designer leather handbag,7500
Paid for a high-end garden furniture set,8500
Bought a luxury kitchen appliance,7000
Paid for a custom luxury boat rental,10000
Purchased a high-end designer office chair,8500
Bought a premium sound system for office,7500
Paid for a luxury island vacation,15000
Bought a high-end designer sports watch,8000
Paid for a luxury customized room design,9000
Bought a set of high-quality kitchen knives,350
Paid for a home cleaning service,100
Purchased a new pair of sneakers,80
Paid for a digital music album,10
Bought a new Bluetooth speaker,120
Paid for a fitness tracker,250
Purchased a coffee maker,80
Bought a monthly subscription for an online course,30
Paid for a personalized mug,15
Bought a yoga mat,40
Paid for a new phone case,25
Purchased a set of painting supplies,50
Bought a portable charger,35
Paid for a new pair of sunglasses,60
Purchased a trendy backpack,90
Bought a set of organic skincare products,80
Paid for a subscription to a book club,20
Bought a custom-made T-shirt,15
Paid for an online cooking class,40
Bought a set of decorative cushions,50
Paid for a digital magazine subscription,25
Purchased a stylish wall clock,30
Bought a small houseplant,15
Paid for a DIY home improvement kit,70
Bought a travel pillow,20
Paid for a seasonal fruit basket,40
Purchased a new water bottle,15
Bought a set of kitchen towels,25
Paid for a candle-making kit,50
Bought a small bookshelf,60
Paid for a basic gardening tool set,30
Purchased a winter jacket,120
Bought a pair of running shoes,70
Paid for a personal finance management app,100
Bought a set of headphones,120
Purchased a leather wallet,75
Paid for a makeup brush set,40
Bought a set of resistance bands,25
Paid for a new cookbook,15
Bought a trendy scarf,50
Purchased a portable air purifier,150
Bought a Bluetooth keyboard,100
Paid for a flower delivery,30
Purchased a personalized keychain,20
Bought a new phone charger,15
Paid for a set of skincare masks,30
Purchased a coffee grinder,40
Bought a vintage poster,60
Paid for a mini projector,150
Bought a high-quality water filter,120
Paid for a self-care subscription box,50
Purchased a set of mason jars,25
Bought a pair of casual sneakers,70
Paid for a custom phone wallpaper,10
Purchased a ceramic teapot,35
Bought a set of LED string lights,45
Paid for a plant subscription box,40
Bought a travel guidebook,20
Paid for a set of drawing pencils,15
Purchased a wireless mouse,25
Bought a pack of fitness apparel,50
Paid for a recipe subscription,30
Purchased a set of bath bombs,20
Bought a digital camera accessory,70
Paid for an online fitness class,60
Bought a pair of winter gloves,25
Paid for a custom-made journal,40
Purchased a portable speaker,100
Bought a new umbrella,30
Paid for a ticket to a local concert,50
Purchased a portable gaming console,150
Bought a reusable shopping bag,10
Paid for a monthly subscription to an audiobook service,40
Bought a hand-painted ceramic mug,30
Paid for a basic online design tool subscription,20
Purchased a set of garden pots,50
Bought a stylish sunhat,25
Paid for an online photography class,60
Purchased a pair of sunglasses,50
Bought a set of workout gloves,30
Paid for a streaming service subscription,80
Purchased a digital planner,15
Bought a set of wool socks,20
Paid for a subscription to an art magazine,35
Purchased a DIY knitting kit,40
Bought a custom-designed notebook,25
Paid for a new pair of workout leggings,40
Purchased a set of gourmet chocolates,30
Bought a stylish watch strap,25
Paid for a set of cooking utensils,35
Purchased a personalized tote bag,20
Bought a new set of towels,60
Paid for a handmade bracelet,30
Purchased a mini speaker,50
Bought a small wall mirror,40
Paid for a new pair of earphones,30
Purchased a set of candles,20
Bought a new fitness app subscription,50
Paid for a floral arrangement,25
Purchased a creative writing course,30
Bought a cozy blanket,40
Paid for a basic drawing tutorial,20
Purchased a set of reusable straws,10
Bought a custom-designed pen,15
Paid for a new art supplies set,40
Purchased a luxury tea sampler,50
Bought a digital download of a movie,10
Paid for a home delivery of organic fruits,30
Bought a luxury designer watch,6000
Paid for a custom-built home theater system,7000
Purchased a new set of high-quality kitchen knives,300
Paid for a personal finance management app,100
Bought a pair of running shoes,100
Paid for a subscription to an audiobook service,20
Purchased a new phone case,15
Paid for a digital magazine subscription,25
Bought a yoga mat,40
Purchased a portable charger,35
Bought a stylish backpack,80
Paid for a fitness tracker,150
Purchased a set of painting supplies,50
Bought a new Bluetooth speaker,120
Paid for a new pair of sunglasses,60
Bought a portable speaker,80
Purchased a coffee maker,90
Bought a set of kitchen towels,30
Paid for a custom phone wallpaper,10
Bought a trendy scarf,50
Paid for an online fitness class,100
Purchased a pair of winter gloves,25
Bought a ceramic teapot,35
Paid for a subscription to a book club,20
Purchased a wireless mouse,25
Bought a set of resistance bands,20
Paid for a digital download of a movie,10
Purchased a personalized keychain,10
Bought a set of LED string lights,40
Paid for a personal finance management app,75
Bought a set of drawing pencils,15
Paid for a handmade bracelet,30
Bought a custom-made T-shirt,20
Paid for a flower delivery,25
Bought a stylish watch strap,30
Purchased a pair of sunglasses,50
Paid for a ticket to a local concert,50
Bought a cozy blanket,40
Paid for a streaming service subscription,80
Bought a high-quality water filter,120
Paid for a set of bath bombs,15
Purchased a new set of towels,60
Bought a new umbrella,20
Paid for a set of skincare masks,30
Bought a plant subscription box,40
Paid for a seasonal fruit basket,30
Purchased a digital planner,15
Bought a stylish sunhat,25
Paid for a mini projector,100
Bought a hand-painted ceramic mug,30
Paid for a set of cooking utensils,25
Bought a new pair of earphones,30
Paid for a custom-designed journal,40
Bought a set of gourmet chocolates,35
Paid for an online photography class,50
Bought a set of workout gloves,30
Purchased a leather wallet,75
Bought a new fitness app subscription,50
Paid for a creative writing course,30
Bought a vintage poster,50
Paid for a digital music album,10
Bought a custom-designed pen,15
Purchased a set of mason jars,25
Bought a pair of casual sneakers,70
Paid for a basic online design tool subscription,20
Purchased a luxury tea sampler,50
Bought a digital download of a movie,10
Paid for a self-care subscription box,50
Purchased a set of garden pots,50
Bought a new art supplies set,40
Paid for a makeup brush set,40
Bought a mini speaker,50
Paid for a floral arrangement,30
Bought a custom-designed notebook,20
Paid for a subscription to an art magazine,35
Bought a set of bath towels,60
Paid for a new phone charger,25
Bought a new set of fitness apparel,50
Paid for a basic drawing tutorial,20
Bought a reusable shopping bag,10
Paid for a home delivery of organic fruits,30
Bought a custom-designed wallet,50
Paid for a creative DIY knitting kit,40
Bought a set of luxury candles,20
Paid for a set of reusable straws,10
Bought a custom phone case,15
Paid for a digital planner,25
Purchased a mini projector,100
Bought a comfortable office chair,120
Paid for an online cooking class,50
Purchased a home decor item,80
Bought a pair of shoes for running,100
Paid for a new camera accessory,70
Bought a stylish leather bag,150
Paid for a subscription box of snacks,40
Bought a decorative pillow,30
Paid for a new set of gym clothes,60
Purchased a portable fan,50
Bought a pet grooming kit,40
Paid for an online design class,30
Purchased a new phone stand,20
Bought a set of organic skincare products,50
Paid for a home improvement tool set,70
Bought a personalized mug,20
Bought a gaming headset,550
Paid for a laptop cooling pad,600
Purchased a DSLR camera lens,750
Bought a new tablet,1000
Paid for a set of wireless headphones,800
Bought a new smartwatch,1200
Paid for a luxury wallet,500
Bought a portable air conditioner,1100
Purchased a fitness tracker,700
Paid for a digital camera,900
Bought a Bluetooth speaker,850
Paid for a set of outdoor furniture,1300
Bought a new home entertainment system,1200
Paid for a designer backpack,800
Bought a new pair of shoes,950
Paid for a 6-month subscription to a streaming service,500
Purchased a new microwave,700
Bought a large smart TV,1500
Paid for a coffee machine,900
Bought a set of high-quality kitchen knives,600
Paid for a digital camera,1200
Purchased a designer handbag,1100
Bought a set of home workout equipment,800
Paid for a monthly gym membership,1000
Purchased a portable projector,750
Bought a set of luxury skincare products,950
Paid for a camping tent,600
Bought a massage chair,1500
Paid for a new refrigerator,1300
Purchased a luxury watch,1200
Bought a full set of golf clubs,1000
Paid for a professional camera tripod,550
Bought a designer jacket,900
Paid for a kitchen appliance bundle,1100
Bought a pair of high-quality sunglasses,500
Purchased a set of yoga equipment,650
Bought a portable generator,1300
Paid for a smart thermostat,700
Purchased a smart home device,800
Bought a pair of wireless earphones,600
Paid for a tablet stand,500
Purchased a stylish leather bag,900
Bought a home projector system,1400
Paid for a new gaming laptop,1500
Purchased a high-end coffee grinder,750
Bought a gaming chair,1200
Paid for a treadmill,1300
Bought a designer scarf,600
Paid for a portable mini-fridge,800
Purchased a fitness bike,1000
Bought a new refrigerator,1100
Paid for a subscription to a book service,500
Bought a set of gaming controllers,600
Purchased a professional blender,900
Paid for a personal robot vacuum cleaner,1200
Bought a custom home decor item,500
Paid for a high-quality knife set,700
Purchased a pair of boots,750
Bought a premium gaming mouse,600
Paid for a voice assistant device,550
Bought a custom-made rug,850
Paid for a set of designer pens,500
Bought a top-tier air purifier,1200
Paid for a new sound system,1300
Bought a home projector for movie nights,1100
Paid for a subscription to a video service,900
Purchased a mini-fridge for the office,700
Bought a kitchen appliance package,1000
Paid for a professional-grade microphone,800
Bought a high-end blender,850
Paid for a portable cooler,600
Bought a vintage lamp,500
Paid for a portable hot tub,1200
Bought a leather journal,550
Paid for a subscription to an online language course,700
Bought a gaming headset bundle,900
Purchased a smartwatch with fitness features,1200
Bought a photography lighting kit,850
Paid for a luxury candle set,600
Bought a set of hiking gear,800
Paid for a pair of designer shoes,1000
Purchased a tablet with accessories,1300
Bought a new office desk,500
Paid for a luxury bed sheet set,600
Bought a professional-grade speaker system,1200
Paid for a coffee subscription box,700
Bought a drone with a camera,1100
Paid for a home sound system,1300
Purchased a new printer,850
Bought a gaming keyboard,950
Paid for a new set of outdoor furniture,1200
Bought a set of luxury kitchen towels,500
Paid for a premium air fryer,700
Bought a new high-quality jacket,1000
Purchased a set of snow boots,600
Paid for a kitchen island,1300
Bought a new desktop computer,1200
Paid for a pair of smart sunglasses,700
Bought a fitness tracker with heart rate monitor,800
Paid for a new blender with extra accessories,850
Bought a personalized leather keychain,500
Paid for a digital pen tablet,600
Bought a new gaming chair,1200
Paid for a professional-grade camera gear,1000
Purchased a portable game console,950
Bought a luxury jewelry box,500
Bought a premium soundbar,600
Paid for a custom-made jacket,800
Purchased a leather office chair,1100
Bought a portable solar charger,550
Paid for a new laptop bag,700
Bought a fitness mat,500
Purchased a smart lock,600
Paid for a high-end Bluetooth speaker,750
Bought a stylish desk lamp,500
Paid for a premium kitchen blender,1000
Bought a set of noise-cancelling headphones,950
Paid for a monthly subscription to a book club,600
Purchased a set of high-quality cooking pots,850
Bought a personal air purifier,1200
Paid for a subscription to an online course,500
Bought a new backpack for work,650
Purchased a pair of leather boots,700
Paid for a designer makeup set,900
Bought a professional camera bag,850
Paid for a customized phone case,500
Bought a new set of sheets,600
Paid for a stylish wallet,700
Purchased a personal assistant device,950
Bought a set of LED lights,550
Paid for a hiking backpack,800
Bought a wireless charging station,650
Purchased a portable espresso machine,1200
Bought a set of stainless steel cooking utensils,700
Paid for a new gym membership,950
Bought a VR headset,1000
Paid for a high-quality jacket,1200
Bought a personalized canvas print,800
Paid for an electric toothbrush,650
Bought a yoga block and straps,500
Paid for a compact gym set,700
Bought a portable air cooler,800
Purchased a set of cookware,850
Bought a new pair of hiking shoes,950
Paid for a premium fitness watch,1200
Bought a luxury silk pillowcase,500
Paid for a skincare bundle,700
Bought a high-quality coffee grinder,800
Purchased a set of luxury bathrobes,600
Bought a new gaming chair,1000
Paid for a personalized doormat,500
Bought a home coffee bar setup,1200
Paid for a set of premium sheets,950
Bought a new smartwatch,900
Purchased a personal sound system,850
Bought a professional hairdryer,600
Paid for a personalized pet tag,500
Bought a set of luxury perfumes,700
Paid for a set of premium towels,600
Bought a home espresso machine,1100
Purchased a wireless router,800
Paid for a camera lens kit,1000
Bought a folding bike,1200
Purchased a smart home security system,950
Bought a hiking tent,650
Paid for a portable projector,700
Bought a designer tote bag,850
Paid for a high-end set of knives,950
Bought a new TV stand,600
Purchased a home gym equipment set,1100
Bought a professional microphone,800
Paid for a tablet with accessories,950
Bought a waterproof Bluetooth speaker,850
Paid for a new camera tripod,650
Purchased a smart garden device,700
Bought a luxury home fragrance set,500
Paid for a set of resistance bands,600
Bought a new gaming monitor,1200
Paid for a high-end designer belt,850
Bought a set of luxury silk sheets,900
Paid for a smart scale,700
Bought a new tablet,1000
Purchased a designer coffee mug,500
Bought a set of wireless headphones,600
Paid for a new desk organizer,500
Bought a high-end gaming mouse,750
Paid for a set of luxury stationery,700
Purchased a professional yoga mat,600
Bought a set of travel bags,850
Paid for a premium quality backpack,950
Bought a high-quality blender,900
Purchased a pair of Bluetooth earphones,600
Paid for a set of luxury candles,500
Bought a portable battery pack,600
Purchased a new camera,950
Bought a stylish office chair,800
Paid for a high-quality mixer,1000
Purchased a smart thermostat,700
Bought a professional tool set,850
Paid for a high-end video camera,1200
Purchased a designer wristwatch,950
Bought a portable speaker,650
Paid for a new pair of running shoes,750
Purchased a luxury tea set,500
Bought a high-quality rug,900
Paid for a set of designer furniture,1100
Bought a comfortable sofa cover,600
